d_model	d_ff	num_layers	num_heads	mode	mean/s	std/s
768	3072	12	12	f	0.016869	0.000023
1024	4096	24	16	f	0.049036	0.000649
1280	5120	36	20	f	0.113702	0.000073
2560	10240	32	32	f
4608	12288	50	36	f
768	3072	12	12	fb	0.051728	0.000156
1024	4096	24	16	fb	0.154754	0.000457
1280	5120	36	20	fb	0.337976	0.000358
2560	10240	32	32	fb
4608	12288	50	36	fb
768	3072	12	12	t	0.074158	0.005719
1024	4096	24	16	t	0.172578	0.000108
1280	5120	36	20	t	0.383012	0.000137
2560	10240	32	32	t
4608	12288	50	36	t